Season,Episode,Year_of_Release,IMDB_Rating,Arco,Viz_title
1,1,1999,7.8,Romance Dawn Arc,Romance Dawn
1,2,1999,7.9,Romance Dawn Arc,"They Call Him ""Straw Hat Luffy"""
1,3,1999,7.8,Romance Dawn Arc,Enter Zolo: Pirate Hunter
1,4,1999,8.4,Orange Town Arc,The Great Captain Morgan
1,5,1999,7.6,Orange Town Arc,The King of the Pirates and the Master Swordsman
1,6,1999,7.8,Orange Town Arc,Number One
1,7,1999,7.7,Orange Town Arc,Friends
1,8,1999,7.8,Orange Town Arc,Nami
1,9,2000,7.3,Syrup Village Arc,Femme Fatale
1,10,2000,7.5,Syrup Village Arc,Incident at the Tavern
1,11,2000,7.4,Syrup Village Arc,Flight
1,12,2000,7.8,Syrup Village Arc,Dog
1,13,2000,7.8,Syrup Village Arc,Treasure
1,14,2000,7.7,Syrup Village Arc,Reckless
1,15,2000,7.6,Syrup Village Arc,Gong
1,16,2000,7.7,Syrup Village Arc,Versus Buggy's Crew
1,17,2000,8.1,Syrup Village Arc,"High Level, Low Level"
1,18,2000,7.1,Syrup Village Arc,The Pirate Buggy the Clown
1,19,2000,8.9,Baratie Arc,Devil Fruit
1,20,2000,7.7,Baratie Arc,The Way of the Thief
1,21,2000,7.8,Baratie Arc,Townies
1,22,2000,7.6,Baratie Arc,Strange Creatures
1,23,2000,7.8,Baratie Arc,The Dread Captain Usopp
1,24,2000,9.1,Baratie Arc,The Lie Rejecter
1,25,2000,7.6,Baratie Arc,Lies
1,26,2000,8.8,Baratie Arc,Captain Kuro's Plan
1,27,2000,7.6,Baratie Arc,True Lies
1,28,2000,7.7,Baratie Arc,Crescent Moon
1,29,2000,7.9,Baratie Arc,Uphill Battle
1,30,2000,8.3,Baratie Arc,Backfire
1,31,2000,7.7,Arlong Park Arc,Truth
1,32,2000,7.8,Arlong Park Arc,Cruel Fortune
1,33,2000,7.9,Arlong Park Arc,The Creeping Cat
1,34,2000,7.6,Arlong Park Arc,A Humble Servant
1,35,2000,8.1,Arlong Park Arc,The Steep Slope
1,36,2000,8.9,Arlong Park Arc,After Them!!
1,37,2000,9.1,Arlong Park Arc,"""Captain Kuro, Of The Thousand Plans"""
1,38,2000,8.3,Arlong Park Arc,Pirate Crew
1,39,2000,8.1,Arlong Park Arc,For Whom the Bell Tolls
1,40,2000,8.1,Arlong Park Arc,Usopp's Pirate Crew
1,41,2000,8.1,Arlong Park Arc,To the Sea
1,42,2000,8.1,Arlong Park Arc,Yosaku and Johnny
1,43,2000,8.8,Arlong Park Arc,Sanji
1,44,2000,7.9,Arlong Park Arc,Three Tough Cooks
1,45,2000,7.8,Arlong Park Arc,Before the Storm
1,46,2000,6.4,Buggy Side Story Arc,An Uninvited Guest
1,47,2000,6.3,Buggy Side Story Arc,The Don's Offer
1,48,2000,7.9,Loguetown Arc,Steer Clear
1,49,2000,8,Loguetown Arc,Storm
1,50,2000,7.5,Loguetown Arc,A Parting of Ways
1,51,2000,7,Loguetown Arc,Zolo Overboard
1,52,2000,8.3,Loguetown Arc,The Oath
1,53,2001,8.6,Loguetown Arc,Mackerel Head
1,54,2001,7.2,Warship Island Arc,Pearl
1,55,2001,6.9,Warship Island Arc,Jungle Blood
1,56,2001,6.8,Warship Island Arc,I Refuse
1,57,2001,6.7,Warship Island Arc,If You Have a Dream
1,58,2001,6.8,Warship Island Arc,Crap-Geezer
1,59,2001,7.2,Warship Island Arc,Sanji's Debt
1,60,2001,7.3,Warship Island Arc,Resolution
1,61,2001,7.7,Warship Island Arc,The Demon
2,62,2001,7.8,Reverse Mountain Arc,MH5
2,63,2001,7.6,Reverse Mountain Arc,I Won't Die
2,64,2001,7.7,Whiskey Peak Arc,The Mighty Battle Spear
2,65,2001,8.3,Whiskey Peak Arc,Prepared
2,66,2001,8.1,Whiskey Peak Arc,The Chewed-up Spear
2,67,2001,7.9,Whiskey Peak Arc,The Soup
2,68,2001,6.9,Koby and Helmeppo Arc,The Fourth Person
2,69,2001,6.9,Koby and Helmeppo Arc,Arlong Park
2,70,2001,7.3,Little Garden Arc,The Great Adventure of Usopp the Man
2,71,2001,7.5,Little Garden Arc,Lords of All Creation
2,72,2001,7.4,Little Garden Arc,Proper Living
2,73,2001,7.5,Little Garden Arc,Monsters of the Grand Line
2,74,2001,7.7,Little Garden Arc,Business
2,75,2001,7.8,Little Garden Arc,Of Maps and Fish-Men
2,76,2001,7.8,Little Garden Arc,Sleep
2,77,2001,7.6,Little Garden Arc,The First Step Toward a Dream
3,78,2001,7.4,Drum Island Arc,Belle-Mere
3,79,2001,7.7,Drum Island Arc,To Live
3,80,2001,7.9,Drum Island Arc,A Thief is a Thief
3,81,2001,7.8,Drum Island Arc,Tears
3,82,2001,7.8,Drum Island Arc,"OK, Let's STAND UP!"
3,83,2001,8.1,Drum Island Arc,Luffy in Black
3,84,2001,8,Drum Island Arc,Zombie
3,85,2001,8.8,Drum Island Arc,Three Swords vs. Six
3,86,2001,9.3,Drum Island Arc,Heroism vs. Fish-Man Cruelty
3,87,2001,8.1,Drum Island Arc,It's All Over!!
3,88,2001,7.9,Drum Island Arc,Die!!!
3,89,2001,7.9,Drum Island Arc,Trade-Off
3,90,2001,8.9,Drum Island Arc,What Can You Do?
3,91,2001,8.1,Drum Island Arc,DARTS
4,92,2001,7.8,Alabasta Arc,Happiness
4,93,2001,7.3,Alabasta Arc,Going Down
4,94,2001,9,Alabasta Arc,The Other Villain
4,95,2002,8.3,Alabasta Arc,"Spin, Pinwheel"
4,96,2002,7.4,Alabasta Arc,The Meanest Man in the East
4,97,2002,7.5,Alabasta Arc,Kitetsu III
4,98,2002,7.2,Alabasta Arc,Dark Clouds
4,99,2002,7.1,Alabasta Arc,Luffy Died
4,100,2002,7.6,Alabasta Arc,The Legend Begins
4,101,2002,6.9,Alabasta Arc,Reverse Mountain
4,102,2002,7.1,Alabasta Arc,"Now, The Grand Line"
4,103,2002,7.5,Alabasta Arc,The Whale
4,104,2002,8,Alabasta Arc,Cape Promise
4,105,2002,7.9,Alabasta Arc,Log Pose
4,106,2002,8.2,Alabasta Arc,The Town of Welcome
4,107,2002,8.1,Alabasta Arc,Moonlight and Tombstones
4,108,2002,8.2,Alabasta Arc,100 Bounty Hunters
4,109,2002,8.7,Alabasta Arc,A Question of Duty
4,110,2002,9.1,Alabasta Arc,The Night Isn't Over
4,111,2002,7.9,Alabasta Arc,The Secret Criminal Organization
4,112,2002,8.1,Alabasta Arc,Luffy vs. Zolo
4,113,2002,7.9,Alabasta Arc,It's All Right!!!
4,114,2002,8.1,Alabasta Arc,The Course
4,115,2002,8.1,Alabasta Arc,Little Garden of Adventure
4,116,2002,8.1,Alabasta Arc,Big
4,117,2002,8,Alabasta Arc,Dorry and Broggy
4,118,2002,7.9,Alabasta Arc,Someone's Out There
4,119,2002,9.1,Alabasta Arc,Deadly Improvisation
4,120,2002,8.1,Alabasta Arc,The Red Ogre Weeps
4,121,2002,8.7,Alabasta Arc,I Knew
4,122,2002,9,Alabasta Arc,A Dead Body is Useless
4,123,2002,8.3,Alabasta Arc,Luffy vs. Mr. 3
4,124,2002,8.2,Alabasta Arc,The Tea is Good
4,125,2002,9,Alabasta Arc,Candle Champion
4,126,2002,9.5,Alabasta Arc,Instinct
4,127,2002,8.2,Alabasta Arc,Snail-o-Phone
4,128,2002,8.2,Alabasta Arc,Pirate Pride
4,129,2002,9.1,Alabasta Arc,Straight Ahead!!!
4,130,2002,8.9,Alabasta Arc,Maximum Speed
5,131,2002,7.1,Post-Alabasta Arc,Wapol of Tin
5,132,2002,6.9,Post-Alabasta Arc,See?
5,133,2002,7,Post-Alabasta Arc,Adventure in a Nameless Country
5,134,2002,7,Post-Alabasta Arc,Dr. Kureha
5,135,2002,7.1,Post-Alabasta Arc,Lapins
5,136,2002,6.8,Goat Island Arc,A Man Named Dalton
5,137,2002,6.9,Goat Island Arc,Avalanche
5,138,2002,6.7,Goat Island Arc,The Summit
5,139,2003,7.1,Ruluka Island Arc,Enter Tony Tony Chopper
5,140,2003,7,Ruluka Island Arc,The Castle of Snow
5,141,2003,6.9,Ruluka Island Arc,Quack Doctor
5,142,2003,6.9,Ruluka Island Arc,Skull and Cherry Blossoms
5,143,2003,7.6,Ruluka Island Arc,Clumsy
6,144,2003,7.4,Jaya Arc,Snowy Tale
6,145,2003,7.7,Jaya Arc,Carrying on His Will
6,146,2003,8.1,Jaya Arc,Battle to Defend the Kingdom
6,147,2003,7.8,Jaya Arc,Frauds
6,148,2003,7.7,Jaya Arc,Unbreakable
6,149,2003,7.6,Jaya Arc,RUMBLE!!
6,150,2003,8.2,Jaya Arc,Royal Drum Crown 7-Shot Tin Tyrant Cannon
6,151,2003,9.3,Jaya Arc,The Skies of Drum
6,152,2003,8.3,Jaya Arc,Full Moon
6,153,2003,8,Skypiea Arc,Hiriluk's Cherry Blossoms
6,154,2003,7.7,Skypiea Arc,To Alabasta
6,155,2003,7.6,Skypiea Arc,"""Pirate"" Sir Crocodile"
6,156,2003,7.7,Skypiea Arc,Oh Come My Way Days
6,157,2003,7.6,Skypiea Arc,Ace Arrives
6,158,2003,7.7,Skypiea Arc,Landing in Alabasta
6,159,2003,7.8,Skypiea Arc,Come On
6,160,2003,7.8,Skypiea Arc,Spiders Caf√© at Eight O'Clock
6,161,2003,7.7,Skypiea Arc,The Green City Erumalu
6,162,2003,7.9,Skypiea Arc,Adventure in the Kingdom of Sand
6,163,2003,7.9,Skypiea Arc,"Yuba, the Town of Rebels"
6,164,2003,7.9,Skypiea Arc,I Love My Country
6,165,2003,7.8,Skypiea Arc,Operation Utopia
6,166,2003,7.6,Skypiea Arc,Luffy vs. Vivi
6,167,2003,7.7,Skypiea Arc,Battle Front
6,168,2003,7.7,Skypiea Arc,"Rainbase, The Town of Dreams"
6,169,2003,8.1,Skypiea Arc,The Kingdom's Strongest Warrior
6,170,2003,8.1,Skypiea Arc,Beginning
6,171,2003,7.8,Skypiea Arc,"Koza, Leader of the Rebels"
6,172,2003,7.9,Skypiea Arc,Rebellion
6,173,2003,8,Skypiea Arc,Bananagator
6,174,2003,8,Skypiea Arc,Mr. Prince
6,175,2003,7.9,Skypiea Arc,Release
6,176,2004,8.1,Skypiea Arc,Rush
6,177,2004,8.1,Skypiea Arc,30 Million vs. 81 Million
6,178,2004,8.6,Skypiea Arc,Grand Line Level
6,179,2004,8.3,Skypiea Arc,Showdown at Alubarna
6,180,2004,9,Skypiea Arc,Alabasta Animal Land
6,181,2004,8.3,Skypiea Arc,Super Sonic Duck Quiz
6,182,2004,9,Skypiea Arc,Roar
6,183,2004,9,Skypiea Arc,Squadron Leader Karoo
6,184,2004,8.1,Skypiea Arc,Moletown Block Four
6,185,2004,8.7,Skypiea Arc,Oh... Is That So?
6,186,2004,8,Skypiea Arc,4
6,187,2004,7.9,Skypiea Arc,Stalemate
6,188,2004,7.9,Skypiea Arc,Oh Come My Way Karate
6,189,2004,9,Skypiea Arc,2
6,190,2004,8.1,Skypiea Arc,Climate Baton
6,191,2004,8.2,Skypiea Arc,She Who Controls The Weather
6,192,2004,9.1,Skypiea Arc,Tornado Warning
6,193,2004,8,Skypiea Arc,Utopia
6,194,2004,8,Skypiea Arc,Cutting Steel
6,195,2004,7.9,Skypiea Arc,Mr. Bushido
7,196,2004,7.3,G-8 Arc,1
7,197,2004,7.5,G-8 Arc,The Leaders
7,198,2004,7.3,G-8 Arc,04:15 p. m.
7,199,2004,7.6,G-8 Arc,Hope!!
7,200,2004,7.7,G-8 Arc,Water Luffy
7,201,2004,7.5,G-8 Arc,Nico Robin
7,202,2004,7.5,G-8 Arc,The Royal Mausoleum
7,203,2004,7.3,G-8 Arc,Crocodile-ish
7,204,2004,7.5,G-8 Arc,RED
7,205,2004,7.5,G-8 Arc,The Sand-Sand Band's Secret Fort
7,206,2004,7.7,G-8 Arc,Ignition
7,207,2004,7.5,Long Ring Long Land Arc,Nightmare
7,208,2004,7.4,Long Ring Long Land Arc,Guardian Spirit
7,209,2004,7.6,Long Ring Long Land Arc,I Will Defeat You
7,210,2004,7.4,Long Ring Long Land Arc,0
7,211,2004,7.6,Long Ring Long Land Arc,King
7,212,2004,7.8,Long Ring Long Land Arc,Some Justice
7,213,2004,7.3,Long Ring Long Land Arc,V.I.P.
7,214,2004,7.6,Long Ring Long Land Arc,Strategy to Escape the Sand Kingdom
7,215,2005,7.1,Long Ring Long Land Arc,Last Waltz
7,216,2005,7.1,Long Ring Long Land Arc,Vivi's Adventure
7,217,2005,7.3,Long Ring Long Land Arc,Stowaway
7,218,2005,7.4,Long Ring Long Land Arc,Why the Log Pose is Dome-Shaped
7,219,2005,7.7,Long Ring Long Land Arc,Masira the Salvage King
7,220,2005,7.4,Ocean's Dream Arc,A Walk on the Seafloor
7,221,2005,7.3,Ocean's Dream Arc,Monsters
7,222,2005,7,Ocean's Dream Arc,The Giant Novice
7,223,2005,7.3,Ocean's Dream Arc,I Promise Never to Fight in This Town
7,224,2005,7.1,Ocean's Dream Arc,Do Not Dream
7,225,2005,6.8,Foxy's Return Arc,People's Dreams
7,226,2005,6.8,Foxy's Return Arc,"Shoujou, the Salvage King of the Seafloor"
7,227,2005,9,Foxy's Return Arc,Noland the Liar
7,228,2005,8.3,Foxy's Return Arc,"Mont Blanc Cricket, the Last Boss of the Monkey Mountain Allied Force"
8,229,2005,7.7,Water 7 Arc,Let's Eat
8,230,2005,7.8,Water 7 Arc,Pursue the South Bird!
8,231,2005,7.8,Water 7 Arc,Bellamy the Hyena
8,232,2005,7.8,Water 7 Arc,The 100 Million Berry Man
8,233,2005,7.8,Water 7 Arc,The World's Greatest Power
8,234,2005,9,Water 7 Arc,Please Remember
8,235,2005,9.3,Water 7 Arc,The Knock Up Stream
8,236,2005,9.5,Water 7 Arc,The Ship Sails to the Sky
8,237,2005,7.9,Water 7 Arc,High in the Sky
8,238,2005,8.1,Water 7 Arc,Heaven's Gate
8,239,2005,7.9,Water 7 Arc,Angel Beach
8,240,2005,8,Water 7 Arc,Dial Power
8,241,2005,7.8,Water 7 Arc,Heaven's Judgment
8,242,2005,8.2,Water 7 Arc,Class-2 Criminals
8,243,2005,9.1,Water 7 Arc,Trial
8,244,2005,9,Water 7 Arc,S.O.S.
8,245,2005,8.8,Water 7 Arc,Adventure on Kami's Island
8,246,2005,8.1,Water 7 Arc,"Satori, Vassal of the Forest of No Return"
8,247,2005,8.1,Water 7 Arc,Ball Challenge
8,248,2005,8.2,Water 7 Arc,Former Kami vs. Vassal
8,249,2005,8.3,Water 7 Arc,The Village Hidden in the Cloud
8,250,2005,8.9,Water 7 Arc,Ball Dragon
8,251,2005,8.9,Water 7 Arc,Overture
8,252,2005,8,Water 7 Arc,Junction
8,253,2005,7.9,Water 7 Arc,Varse
8,254,2006,8.1,Water 7 Arc,Aubade
8,255,2006,8.1,Water 7 Arc,The Anaconda and the Search Team
8,256,2006,8,Water 7 Arc,Wyper the Berserker
8,257,2006,8.2,Water 7 Arc,Dial Battle
8,258,2006,8.3,Water 7 Arc,The Many Souths
8,259,2006,7.6,Water 7 Arc,Pirate Zolo vs. Warrior Braham
8,260,2006,7.9,Water 7 Arc,Pirate Luffy vs. Berserker Wyper
8,261,2006,8.1,Water 7 Arc,Warrior Genbo vs. Heavenly Warriors Commander Yama
8,262,2006,8.7,Water 7 Arc,Pirate Chopper vs. Vassal Gedatsu
8,263,2006,8.1,Water 7 Arc,Pirate Nami and the Weird Knight vs. Heavenly Warriors Subcommanders Hotori and Kotori
9,264,2006,8.2,Enies Lobby Arc,Warrior Kamakiri vs. Kami Eneru
9,265,2006,8.1,Enies Lobby Arc,Pirate Robin vs. Heavenly Forces Commander Yama
9,266,2006,8,Enies Lobby Arc,Pirate Chopper vs. Vassal Ohm
9,267,2006,8.1,Enies Lobby Arc,March
9,268,2006,8.2,Enies Lobby Arc,Suite
9,269,2006,8.2,Enies Lobby Arc,Concerto
9,270,2006,8.9,Enies Lobby Arc,Serenade
9,271,2006,8.2,Enies Lobby Arc,Pirate Zolo vs. Vassal Ohm
9,272,2006,8.3,Enies Lobby Arc,Play
9,273,2006,9.2,Enies Lobby Arc,Quintet
9,274,2006,9.3,Enies Lobby Arc,Oratorio
9,275,2006,9,Enies Lobby Arc,Divina Comedia
9,276,2006,9,Enies Lobby Arc,Shandian Rhythm
9,277,2006,9.6,Enies Lobby Arc,Maxim
9,278,2006,9.3,Enies Lobby Arc,Conis
9,279,2006,7,Enies Lobby Arc,Pirate Luffy vs. Kami Eneru
9,280,2006,6.7,Enies Lobby Arc,Floating
9,281,2006,6.7,Enies Lobby Arc,Deathpiea
9,282,2006,6.7,Enies Lobby Arc,Desire
9,283,2006,6.7,Enies Lobby Arc,On the Front Line of Rescuing Love
9,284,2006,8.1,Enies Lobby Arc,Sorry
9,285,2006,8,Enies Lobby Arc,Capriccio
9,286,2006,8.1,Enies Lobby Arc,The Shandoran Demon
9,287,2006,8.1,Enies Lobby Arc,Kami Killing
9,288,2006,8.3,Enies Lobby Arc,Curse
9,289,2006,8.2,Enies Lobby Arc,Full Moon
9,290,2006,8.7,Enies Lobby Arc,The Light of Shandora
9,291,2006,6.2,Enies Lobby Arc,We'll Be Here
9,292,2007,6,Enies Lobby Arc,"To Meet, like the Half-Moon Hidden by Clouds"
9,293,2007,8,Enies Lobby Arc,Bolero
9,294,2007,8.2,Enies Lobby Arc,Kingdom Come
9,295,2007,7.9,Enies Lobby Arc,Giant Jack
9,296,2007,8.3,Enies Lobby Arc,High-Altitude Situation
9,297,2007,8.2,Enies Lobby Arc,Praise for the Land
9,298,2007,8.7,Enies Lobby Arc,Love Song
9,299,2007,8.3,Enies Lobby Arc,Fantasia
9,300,2007,9.3,Enies Lobby Arc,Symphony
9,301,2007,9.2,Enies Lobby Arc,I Was Here
9,302,2007,8.2,Enies Lobby Arc,Finale
9,303,2007,6.3,Enies Lobby Arc,Rich Pirates
9,304,2007,9.1,Enies Lobby Arc,Long Island Adventure
9,305,2007,9,Enies Lobby Arc,Foxy the Silver Fox
9,306,2007,8.2,Enies Lobby Arc,Donut Race!
9,307,2007,8.4,Enies Lobby Arc,"Ready, Set, Donut!"
9,308,2007,9.1,Enies Lobby Arc,Obstructive Tactics
9,309,2007,9.5,Enies Lobby Arc,Groggy Monsters
9,310,2007,9.1,Enies Lobby Arc,Groggy Ring!!
9,311,2007,9,Enies Lobby Arc,Rough Game
9,312,2007,9.6,Enies Lobby Arc,Goal!!
9,313,2007,9,Post-Enies Lobby Arc,Main Event
9,314,2007,9.2,Post-Enies Lobby Arc,Combat!!
9,315,2007,8.3,Post-Enies Lobby Arc,Secret Room
9,316,2007,9.2,Post-Enies Lobby Arc,Brother Soul
9,317,2007,6.5,Post-Enies Lobby Arc,K.O.
9,318,2007,6.3,Post-Enies Lobby Arc,Closure
9,319,2007,6.8,Post-Enies Lobby Arc,Admiral Aokiji of the Navy Headquarters
9,320,2007,8.1,Post-Enies Lobby Arc,Ultimate Military Force
9,321,2007,8.1,Post-Enies Lobby Arc,One-on-One
9,322,2007,8.1,Post-Enies Lobby Arc,Puffing Tom
9,323,2007,8.3,Post-Enies Lobby Arc,"The City of Water, Water Seven"
9,324,2007,8.2,Post-Enies Lobby Arc,Adventures in the City of Water
9,325,2007,9.2,Post-Enies Lobby Arc,The Franky Family
9,326,2007,6.9,Ice Hunter Arc,Mr. Iceberg
9,327,2007,6.5,Ice Hunter Arc,"Shipbuilding Island, Repair Dock No. 1"
9,328,2007,6.6,Ice Hunter Arc,The Pirate Abduction Incident
9,329,2007,6.9,Ice Hunter Arc,My Name Is Franky
9,330,2007,6.7,Ice Hunter Arc,It's Decided
9,331,2007,6.7,Ice Hunter Arc,The Big Argument
9,332,2007,6.7,Ice Hunter Arc,Luffy vs. Usopp
9,333,2007,6.6,Ice Hunter Arc,Captain
9,334,2007,6.8,Ice Hunter Arc,Big Trouble in the Secret Room
9,335,2007,6.8,Ice Hunter Arc,Warning
9,336,2007,5.7,Ice Hunter Arc,Luffy vs. Franky
10,337,2008,8.3,Thriller Bark Arc,Protectors of the City of Water
10,338,2008,8.1,Thriller Bark Arc,Coup de Vent
10,339,2008,7.8,Thriller Bark Arc,Rumors
10,340,2008,7.9,Thriller Bark Arc,The Woman Who Brings Darkness
10,341,2008,7.9,Thriller Bark Arc,Demon
10,342,2008,7.8,Thriller Bark Arc,The Messengers of Darkness
10,343,2008,7.8,Thriller Bark Arc,Cipher Pol No. 9
10,344,2008,7.7,Thriller Bark Arc,Opposing Force
10,345,2008,7.5,Thriller Bark Arc,Sleepers
10,346,2008,7.8,Thriller Bark Arc,The Ninth Justice
10,347,2008,7.8,Thriller Bark Arc,Six Powers
10,348,2008,8,Thriller Bark Arc,Fighting Power
10,349,2008,8,Thriller Bark Arc,Ordinary Citizens
10,350,2008,8,Thriller Bark Arc,The Warehouse Under the Bridge
10,351,2008,7.8,Thriller Bark Arc,Klabautermann
10,352,2008,7.9,Thriller Bark Arc,Tom's Workers
10,353,2008,8.2,Thriller Bark Arc,The Legendary Shipwright
10,354,2008,7.5,Thriller Bark Arc,Sea Train
10,355,2008,7.9,Thriller Bark Arc,Spandam
10,356,2008,7.9,Thriller Bark Arc,Mr. Tom
10,357,2008,8,Thriller Bark Arc,Cutty Flam
10,358,2008,7.8,Thriller Bark Arc,Reactivation
10,359,2008,7.7,Thriller Bark Arc,Bingo
10,360,2008,8,Thriller Bark Arc,Departing Soon
10,361,2008,7.9,Thriller Bark Arc,P.S.
10,362,2008,8.2,Thriller Bark Arc,Ebb Tide
10,363,2008,7.8,Thriller Bark Arc,Aqua Laguna
10,364,2008,7.5,Thriller Bark Arc,Kokoro
10,365,2008,7.8,Thriller Bark Arc,Rocketman!!
10,366,2008,7.8,Thriller Bark Arc,Sortie!
10,367,2008,8.2,Thriller Bark Arc,Sniper King
10,368,2008,8,Thriller Bark Arc,Sea Train Battle Game
10,369,2008,8.1,Thriller Bark Arc,Ramen Kung Fu
10,370,2008,8.1,Thriller Bark Arc,You're Not Alone
10,371,2008,8.2,Thriller Bark Arc,The Honorable Captain T Bone
10,372,2008,9,Thriller Bark Arc,Plastic Surgery
10,373,2008,8.9,Thriller Bark Arc,Necessary Evil
10,374,2008,8.5,Thriller Bark Arc,Scramble
10,375,2008,8.2,Thriller Bark Arc,The Supermen of Enies Lobby
10,376,2008,9.1,Thriller Bark Arc,I Got It!!
10,377,2008,9.6,Thriller Bark Arc,The Big Showdown on the Judiciary Island
10,378,2008,8.2,Thriller Bark Arc,Casualties
10,379,2008,8.1,Thriller Bark Arc,Power Level
10,380,2008,9.2,Thriller Bark Arc,Enies Lobby Main Island Express
10,381,2008,8.2,Thriller Bark Arc,Fired
11,382,2008,6.7,Spa Island Arc,Demon Lair
11,383,2008,6.7,Spa Island Arc,Luffy vs. Blueno
11,384,2009,7.5,Spa Island Arc,Signal the Counterattack
11,385,2009,7.7,Sabaody Archipelago Arc,There Is a Way
11,386,2009,7.7,Sabaody Archipelago Arc,Unprecedented
11,387,2009,7.7,Sabaody Archipelago Arc,Gear
11,388,2009,7.9,Sabaody Archipelago Arc,Gear Two
11,389,2009,7.9,Sabaody Archipelago Arc,Response
11,390,2009,8,Sabaody Archipelago Arc,Accepting the Challenge
11,391,2009,8.5,Sabaody Archipelago Arc,The Girl They Called a Demon
11,392,2009,8.6,Sabaody Archipelago Arc,Dereshi
11,393,2009,8.5,Sabaody Archipelago Arc,Olvia
11,394,2009,8.4,Sabaody Archipelago Arc,The Demons of Ohara
11,395,2009,8.6,Sabaody Archipelago Arc,Ohara vs. the World Government
11,396,2009,9.5,Sabaody Archipelago Arc,Saul
11,397,2009,9.4,Sabaody Archipelago Arc,In Hopes of Reaching the Future
11,398,2009,9,Sabaody Archipelago Arc,Declaration of War
11,399,2009,8.9,Sabaody Archipelago Arc,Jump Toward the Waterfall!!
11,400,2009,9.3,Sabaody Archipelago Arc,The Key to Freedom
11,401,2009,9,Sabaody Archipelago Arc,Pirates vs. CP9
11,402,2009,9.1,Sabaody Archipelago Arc,Handcuffs No. 2
11,403,2009,9.2,Sabaody Archipelago Arc,Mr. Chivalry
11,404,2009,9.4,Sabaody Archipelago Arc,Franky vs. Fukurou
11,405,2009,9.6,Sabaody Archipelago Arc,Power
11,406,2009,6.2,Special Historical Arc,Life Return
11,407,2009,6.2,Special Historical Arc,Monster
12,408,2009,8.1,Amazon Lily Arc,Monster vs. Kumadori
12,409,2009,8.3,Amazon Lily Arc,The Terrifying Broadcast
12,410,2009,8.3,Amazon Lily Arc,Super-Size Nami
12,411,2009,8.4,Amazon Lily Arc,Nami vs. Kalifa
12,412,2009,8.8,Amazon Lily Arc,You Missed Your Chance
12,413,2009,9,Amazon Lily Arc,Hunter
12,414,2009,8.9,Amazon Lily Arc,Sanji vs. Jabra
12,415,2009,9,Amazon Lily Arc,Heat Up
12,416,2009,8.9,Amazon Lily Arc,Zolo vs. Kaku
12,417,2009,8.9,Amazon Lily Arc,Asura
12,418,2009,7.8,Amazon Lily Arc,Luffy vs. Rob Lucci
12,419,2009,7.5,Amazon Lily Arc,Legend of a Hero
12,420,2009,7.8,Amazon Lily Arc,Buster Call
12,421,2009,7.8,Amazon Lily Arc,Gear Three
13,422,2009,8,Impel Down Arc,Rob Lucci
13,423,2009,8.1,Impel Down Arc,Mermaid Legend
13,424,2009,8,Impel Down Arc,Escape Ship
13,425,2009,8,Impel Down Arc,Bridge of Mortal Combat
13,426,2009,7.1,Little East Blue Arc,A Ship Waiting for Wind
13,427,2009,6.7,Little East Blue Arc,This Isn't the Afterlife
13,428,2009,6.8,Little East Blue Arc,Let's Go Back
13,429,2009,6.8,Little East Blue Arc,Utter Defeat
13,430,2009,8,Little East Blue Arc,A Light Snow of Reminiscence Falls
13,431,2009,7.9,Little East Blue Arc,Fist of Love
13,432,2009,8.1,Little East Blue Arc,Jack-in-the-Box
13,433,2010,8.3,Little East Blue Arc,The Name of That Sea
13,434,2010,7.9,Little East Blue Arc,Whitebeard and Red-Hair
13,435,2010,8.3,Little East Blue Arc,You Have My Sympathies
13,436,2010,8.3,Little East Blue Arc,Trunks from Franky-House
13,437,2010,8.2,Little East Blue Arc,Naked Mania
13,438,2010,7.9,Little East Blue Arc,Pride
13,439,2010,7.6,Little East Blue Arc,Third and Seventh
13,440,2010,7.8,Little East Blue Arc,Fire Fist vs. Blackbeard
13,441,2010,8.1,Little East Blue Arc,Duel on Banaro Island
13,442,2010,8.3,Little East Blue Arc,Adventure in the Demonic Sea
13,443,2010,8.3,Little East Blue Arc,Thriller Bark
13,444,2010,8.3,Little East Blue Arc,Adventure on Ghost Island
13,445,2010,8.1,Little East Blue Arc,Zombies
13,446,2010,8.5,Little East Blue Arc,Doctor Hogback
13,447,2010,9.1,Little East Blue Arc,Zombie-in-the-Box
13,448,2010,8.1,Little East Blue Arc,Moria
13,449,2010,8.3,Little East Blue Arc,The Four Monsters of Thriller Bark
13,450,2010,8.8,Little East Blue Arc,Night of the General Zombies
13,451,2010,9.3,Little East Blue Arc,Perona's Wonder Garden
13,452,2010,8.2,Little East Blue Arc,Jigoro of the Wind
13,453,2010,7.4,Little East Blue Arc,"Cloudy, Partly Bony"
13,454,2010,6.9,Little East Blue Arc,The Humming Swordsman
13,455,2010,7.5,Little East Blue Arc,Gecko Moria of the Seven Warlords of the Sea
13,456,2010,7.4,Little East Blue Arc,Demon from the Land of Ice
14,457,2010,7.4,Marineford Arc,Meat!!!
14,458,2010,7.2,Marineford Arc,Anything but My Afro
14,459,2010,9,Marineford Arc,I Can't Just Die Hoping to be Forgiven
14,460,2010,9.1,Marineford Arc,Conquest Before Dawn!!
14,461,2010,9.3,Marineford Arc,Ghost Buster
14,462,2010,9.1,Marineford Arc,Adventures of Oars
14,463,2010,9.3,Marineford Arc,Pirate Sanji vs. Mystery Man Absalom
14,464,2010,9.2,Marineford Arc,Sanji's Dream
14,465,2010,9.3,Marineford Arc,Pirate Usopp vs. Mystery Woman Perona
14,466,2010,9.4,Marineford Arc,Conclusion
14,467,2010,9.4,Marineford Arc,Pirate Zolo vs. Samurai Ryuma
14,468,2010,9.3,Marineford Arc,Pirate Chopper vs. Mystery Man Hogback
14,469,2010,9.1,Marineford Arc,"Come Out Here, Straw Hat Pirates!"
14,470,2010,9.3,Marineford Arc,Oars vs. Straw Hat Pirates
14,471,2010,9.1,Marineford Arc,My Friend
14,472,2010,9.2,Marineford Arc,Down
14,473,2010,9.2,Marineford Arc,Warlord Bartholomew Kuma Appears
14,474,2010,9.4,Marineford Arc,We Have To Do It!
14,475,2010,9.3,Marineford Arc,Pirates of the Forest
14,476,2010,9.2,Marineford Arc,Nightmare Luffy
14,477,2010,9.2,Marineford Arc,<U+215C>
14,478,2010,9.3,Marineford Arc,Luffy vs Luffy
14,479,2010,9.2,Marineford Arc,Warrior Of Hope
14,480,2010,9.4,Marineford Arc,Interception
14,481,2010,9.5,Marineford Arc,Shadows Asgard
14,482,2011,9.5,Marineford Arc,Morning Is Coming
14,483,2011,9.6,Marineford Arc,The End of The Dream
14,484,2011,9.6,Marineford Arc,Squish
14,485,2011,9.6,Marineford Arc,Straw Hat Pirates - Pirate Hunter Zolo
14,486,2011,9.4,Marineford Arc,Piano
14,487,2011,9.3,Marineford Arc,That Song
14,488,2011,9.5,Marineford Arc,Song of Love
14,489,2011,9.5,Marineford Arc,Eighth Person
14,490,2011,8.9,Post-War Arc,Arriving Again
14,491,2011,8.9,Post-War Arc,Flying Fish Riders
14,492,2011,6.2,Post-War Arc,Iron Mask Duval
14,493,2011,8.8,Post-War Arc,You Know Me
14,494,2011,8.7,Post-War Arc,Duval's Tragedy
14,495,2011,8.4,Post-War Arc,Gaon Cannon
14,496,2011,8.6,Post-War Arc,Yarukiman Mangrove
14,497,2011,8.4,Post-War Arc,Adventure on the Archipelago of Dancing Soap Bubbles
14,498,2011,7.9,Post-War Arc,The Eleven Supernovas
14,499,2011,7.8,Post-War Arc,Sabaody Park
14,500,2011,8.3,Post-War Arc,The Embers of History
14,501,2011,8.3,Post-War Arc,The World Begins to Swell
14,502,2011,8.3,Post-War Arc,The Incident of the Celestial Dragons
14,503,2011,9.1,Post-War Arc,Aggravated Island
14,504,2011,8.6,Post-War Arc,Pirate Front Line on the Move!!
14,505,2011,9,Post-War Arc,Kuma
14,506,2011,8.4,Post-War Arc,Roger and Rayleigh
14,507,2011,8.4,Post-War Arc,Kizaru Arrives
14,508,2011,7.6,Post-War Arc,Island of Carnage
14,509,2011,8,Post-War Arc,Kizaru vs. Four Captains
14,510,2011,7.8,Post-War Arc,Straw Hat Pirates vs. War Machine
14,511,2011,8.1,Post-War Arc,Axe-Carrying Sentomaru
14,512,2011,8,Post-War Arc,"Zolo, Gone"
14,513,2011,7.6,Post-War Arc,Beyond Rescue!!!
14,514,2011,7.5,Post-War Arc,Body Parasite Mushrooms
14,515,2011,8,Post-War Arc,Adventure on the Island of Women
14,516,2011,9.2,Post-War Arc,Pirate Empress Boa Hancock
15,517,2011,9.2,Return to Sabaody Arc,Bath Time
15,518,2011,8.6,Return to Sabaody Arc,Coliseum
15,519,2011,8.4,Return to Sabaody Arc,Natural Born King
15,520,2011,8.3,Return to Sabaody Arc,Eye of the Gorgon
15,521,2011,9.3,Return to Sabaody Arc,Hoof of the Celestial Dragon
15,522,2011,8.9,Return to Sabaody Arc,Fatal Illness
15,523,2011,8.4,Fishman Island Arc,Hell
15,524,2011,7.7,Fishman Island Arc,Unstoppable
15,525,2011,7.8,Fishman Island Arc,The Underwater Prison Impel Down
15,526,2011,7.8,Fishman Island Arc,Adventure in the Great Prison
15,527,2011,7.8,Fishman Island Arc,Level 1: Crimson Hell
15,528,2011,7.6,Fishman Island Arc,"Jimbei, First Son of the Sea"
15,529,2011,7.5,Fishman Island Arc,Level 2: Beast Hell
15,530,2012,7.7,Fishman Island Arc,From One Hell to Another
15,531,2012,7.4,Fishman Island Arc,Level 3: Starvation Hell
15,532,2012,7.5,Fishman Island Arc,Jailer Beast Minotaur
15,533,2012,7.5,Fishman Island Arc,Level 4: Inferno Hell
15,534,2012,7.7,Fishman Island Arc,Warden Magellan vs. Pirate Luffy
15,535,2012,7.5,Fishman Island Arc,Friend
15,536,2012,7.9,Fishman Island Arc,Level 5: Frozen Hell
15,537,2012,7.9,Fishman Island Arc,A Ray of Hope
15,538,2012,7.8,Fishman Island Arc,Level 5.5 New Kama Land
15,539,2012,7.6,Fishman Island Arc,Emporio Energy Synthesis
15,540,2012,7.8,Fishman Island Arc,Level 6: Infinite Hell
15,541,2012,8.2,Fishman Island Arc,The Greatest Ever
15,542,2012,6.3,Fishman Island Arc,Yet Another Epic Incident
15,543,2012,8.1,Fishman Island Arc,Straw Hat and Blackbeard
15,544,2012,7.7,Fishman Island Arc,The Lid to the Cauldron of Hell Opens
15,545,2012,7.5,Fishman Island Arc,To Sunshine and Freedom
15,546,2012,7.9,Fishman Island Arc,"Fish-Man Pirate Captain Jimbei, Warlord of the Sea"
15,547,2012,7.8,Fishman Island Arc,Island Ripper
15,548,2012,7.8,Fishman Island Arc,Thank You
15,549,2012,7.9,Fishman Island Arc,Battleship
15,550,2012,7.4,Fishman Island Arc,Navy Headquarters
15,551,2012,7.4,Fishman Island Arc,Whitebeard of the Four Emperors
15,552,2012,7.4,Fishman Island Arc,Ace and Whitebeard
15,553,2012,8.1,Fishman Island Arc,Summit Battle
15,554,2012,9.1,Fishman Island Arc,Admiral Akainu
15,555,2012,7.9,Fishman Island Arc,Oars and the Hat
15,556,2012,7.7,Fishman Island Arc,Justice Will Prevail!
15,557,2012,7.6,Fishman Island Arc,Luffy and Whitebeard
15,558,2012,7.4,Fishman Island Arc,Little Brother
15,559,2012,7.3,Fishman Island Arc,Destiny
15,560,2012,7.5,Fishman Island Arc,Prisoners of Impel Down
15,561,2012,7.5,Fishman Island Arc,Luffy vs. Mihawk
15,562,2012,7.2,Fishman Island Arc,Whirl Spider Squard
15,563,2012,7.2,Fishman Island Arc,"One Man, One Heart"
15,564,2012,7.4,Fishman Island Arc,The Man Who Shook The World
15,565,2012,7.9,Fishman Island Arc,Oars' Path
15,566,2012,7.7,Fishman Island Arc,Raid
15,567,2012,7.6,Fishman Island Arc,Marineford Navy Headquarters - Oris Plaza
15,568,2012,7.7,Fishman Island Arc,Have It Your Way!
15,569,2012,7.5,Fishman Island Arc,White Monster
15,570,2012,7.9,Fishman Island Arc,The Bridge of Life
15,571,2012,6.9,Fishman Island Arc,The Execution Platform
15,572,2012,7.7,Fishman Island Arc,The Times They Are A'Changin
15,573,2012,7.6,Fishman Island Arc,"The Name of This Era is ""Whitebeard"""
15,574,2012,7.6,Fishman Island Arc,The Death of Portgaz D. Ace
15,575,2012,8.1,Z's Ambition Arc,Voiceless Rage
15,576,2012,7.2,Z's Ambition Arc,The Great Pirate Edward Newgate
15,577,2012,7.2,Z's Ambition Arc,Outrageous Events One After Another
15,578,2012,7.2,Z's Ambition Arc,A Gift for the New Era
16,579,2013,7.7,Punk Hazard Arc,A Few Seconds of Courage
16,580,2013,7.5,Punk Hazard Arc,The War's Conclusion
16,581,2013,7.3,Punk Hazard Arc,Creeping Future
16,582,2013,7.4,Punk Hazard Arc,Luffy and Ace
16,583,2013,7.3,Punk Hazard Arc,Gray Terminal
16,584,2013,7.7,Punk Hazard Arc,Incident With Porchemy
16,585,2013,7.8,Punk Hazard Arc,Brotherly Pact
16,586,2013,7.8,Punk Hazard Arc,City of Stench
16,587,2013,8.3,Punk Hazard Arc,I Will Never Run Away
16,588,2013,7.8,Punk Hazard Arc,Sabo's Ocean
16,589,2013,7.4,Punk Hazard Arc,Will of the Winds
16,590,2013,5.9,Punk Hazard Arc,My Little Brother
16,591,2013,7.5,Punk Hazard Arc,Are You Sure About That?
16,592,2013,7.3,Punk Hazard Arc,Cheer
16,593,2013,7.7,Punk Hazard Arc,News
16,594,2013,7.8,Punk Hazard Arc,Message
16,595,2013,7.5,Punk Hazard Arc,The Pledge
16,596,2013,7.5,Punk Hazard Arc,Spectrum
16,597,2013,8,Punk Hazard Arc,3D2Y
16,598,2013,7.6,Punk Hazard Arc,Two Years Later
16,599,2013,7.7,Punk Hazard Arc,Nine Pirates
16,600,2013,7.4,Punk Hazard Arc,Island of New Beginnings
16,601,2013,7.5,Punk Hazard Arc,Romance Dawn For The New World
16,602,2013,7.6,Punk Hazard Arc,Downward Ho!
16,603,2013,7.8,Punk Hazard Arc,Keep That In Mind
16,604,2013,7.6,Punk Hazard Arc,To The Deep Sea
16,605,2013,7.5,Punk Hazard Arc,The Kraken and the Pirates
16,606,2013,7.5,Punk Hazard Arc,Deep Sea Adventure
16,607,2013,8.1,Punk Hazard Arc,"30,000 Feet Under the Sea"
16,608,2013,7.7,Punk Hazard Arc,Underwater Paradise
16,609,2013,7.7,Punk Hazard Arc,Adventure On Fish-Man Island
16,610,2013,7.5,Punk Hazard Arc,"Madam Sharley, Fortune-Teller"
16,611,2013,7.5,Punk Hazard Arc,Hody Jones
16,612,2013,7.7,Punk Hazard Arc,Taken by the Shark They Saved
16,613,2013,8.8,Punk Hazard Arc,Mermaid Princess of Shell Tower
16,614,2013,7.8,Punk Hazard Arc,Too Late Now
16,615,2013,7.9,Punk Hazard Arc,Mark-Mark Curse
16,616,2013,9.1,Punk Hazard Arc,Anniversary for Revenge
16,617,2013,8.1,Punk Hazard Arc,Incident at Coral Hill
16,618,2013,7.7,Punk Hazard Arc,Proposal
16,619,2013,7.8,Punk Hazard Arc,At the Forest of the Sea
16,620,2013,7.9,Punk Hazard Arc,The Wonderful Amusement Park
16,621,2013,8,Punk Hazard Arc,Otohime and Tiger
16,622,2013,7.8,Punk Hazard Arc,The Sun Pirates
16,623,2013,7.7,Punk Hazard Arc,Fisher Tiger the Pirate
16,624,2013,8.3,Punk Hazard Arc,Queen Otohime
16,625,2013,8.1,Punk Hazard Arc,Uninherited Will
16,626,2013,7.1,Caesar Retrieval Arc,Neptune Brothers
16,627,2014,7.1,Caesar Retrieval Arc,Thank You
16,628,2014,6.9,Caesar Retrieval Arc,Spring Cleaning
17,629,2014,8.6,Dressrosa Arc,Former Warlord in the Way
17,630,2014,8.5,Dressrosa Arc,Getting Violent
17,631,2014,8.6,Dressrosa Arc,Conchcorde Plaza
17,632,2014,8.4,Dressrosa Arc,I Knew
17,633,2014,8.4,Dressrosa Arc,Friend or Foe
17,634,2014,8.5,Dressrosa Arc,"100,000 vs. 10"
17,635,2014,8.5,Dressrosa Arc,So Scared I Ran Up to the Sky
17,636,2014,8.6,Dressrosa Arc,General from Futureland
17,637,2014,8.5,Dressrosa Arc,The Ancient Ark
17,638,2014,8.6,Dressrosa Arc,Escape-Hoshi
17,639,2014,8.4,Dressrosa Arc,Protect Everything
17,640,2014,8,Dressrosa Arc,Above Fish-Man Island
17,641,2014,8,Dressrosa Arc,What Are You?
17,642,2014,8.9,Dressrosa Arc,Lost All Face
17,643,2014,8.9,Dressrosa Arc,Phantom
17,644,2014,8.5,Dressrosa Arc,To Nothing
17,645,2014,8,Dressrosa Arc,Death Is Another Form of Revenge
17,646,2014,9.1,Dressrosa Arc,Frog
17,647,2014,8.2,Dressrosa Arc,"Stop, Noah"
17,648,2014,8.2,Dressrosa Arc,The Road Toward the Sun
17,649,2014,8.9,Dressrosa Arc,The Dance of Breams and Plaices
17,650,2014,8.5,Dressrosa Arc,Two Changes to Be Aware Of
17,651,2014,8.5,Dressrosa Arc,A Voice From the New World
17,652,2014,8.1,Dressrosa Arc,A Premonition of Stormy Seas
17,653,2014,8.1,Dressrosa Arc,The Hero Hat
17,654,2014,8.5,Dressrosa Arc,A Gam of Whales
17,655,2014,8.9,Dressrosa Arc,Punk Hazard
17,656,2014,8.4,Dressrosa Arc,Adventure on the Burning Island
17,657,2014,8.2,Dressrosa Arc,Severed Head
17,658,2014,8.5,Dressrosa Arc,The Biscuits Room
17,659,2014,8.7,Dressrosa Arc,About My Torso
17,660,2014,8.7,Dressrosa Arc,"Trafalgar Law, Warlord of the Sea"
17,661,2014,9.2,Dressrosa Arc,Lakeside Bandits
17,662,2014,9.2,Dressrosa Arc,Warlord Law Vs. Vice Admiral Smoker
17,663,2014,9.5,Dressrosa Arc,CC
17,664,2014,8.2,Dressrosa Arc,Master Caesar Clown
17,665,2014,8.1,Dressrosa Arc,Candy
17,666,2014,8.5,Dressrosa Arc,Yeti Cool Brothers
17,667,2014,8.6,Dressrosa Arc,Cool Fight
17,668,2014,8.4,Dressrosa Arc,Pirate Alliance
17,669,2014,8.4,Dressrosa Arc,Commence Operation
17,670,2014,8.7,Dressrosa Arc,Blizzard With a Chance of Slime
17,671,2014,8.5,Dressrosa Arc,Gas-Gas Fruit
17,672,2014,8.5,Dressrosa Arc,My Name Is Kin'emon!!
17,673,2014,8.4,Dressrosa Arc,Vergo and Joker
17,674,2014,8.6,Dressrosa Arc,The Observers
17,675,2014,8.9,Dressrosa Arc,I Call It Land of the Dead
17,676,2014,8.9,Dressrosa Arc,The Perfect Weapon of Mass Murder
17,677,2015,9.3,Dressrosa Arc,Counter Hazard!!
17,678,2015,9.4,Dressrosa Arc,Lobby of Laboratory Building A
17,679,2015,8.9,Dressrosa Arc,The G-5 Spirit
17,680,2015,9,Dressrosa Arc,G-5 Commander Vergo the Bamboo Demon
17,681,2015,8.7,Dressrosa Arc,Luffy vs. Master
17,682,2015,8.2,Dressrosa Arc,Puppet Master
17,683,2015,8.7,Dressrosa Arc,An Icy Woman
17,684,2015,8.5,Dressrosa Arc,"Don't Do It, Vegapunk"
17,685,2015,8.7,Dressrosa Arc,My Name is Momonosuke
17,686,2015,8.7,Dressrosa Arc,The Snow-Woman in the Biscuits Room
17,687,2015,9,Dressrosa Arc,Wild Beast
17,688,2015,8.5,Dressrosa Arc,Mocha
17,689,2015,8.6,Dressrosa Arc,The Island That's There but Isn't There
17,690,2015,8.1,Dressrosa Arc,S.A.D.
17,691,2015,8.2,Dressrosa Arc,King of the Land of the Dead
17,692,2015,8.9,Dressrosa Arc,Assassins from Dressrosa
17,693,2015,8.1,Dressrosa Arc,Die for Me
17,694,2015,8,Dressrosa Arc,The Most Dangerous Man
17,695,2015,8.7,Dressrosa Arc,Leave It to Us!!!
17,696,2015,9,Dressrosa Arc,Alignment of Interests
17,697,2015,9.2,Dressrosa Arc,A Deal
17,698,2015,9.5,Dressrosa Arc,Enter Doflamingo
17,699,2015,9.3,Dressrosa Arc,Morning Edition
17,700,2015,9.1,Dressrosa Arc,His Momentum
17,701,2015,9.2,Dressrosa Arc,"Adventure in the Land of Love, Passion, and Toys"
17,702,2015,9.2,Dressrosa Arc,Corrida Coliseum
17,703,2015,9.4,Dressrosa Arc,Waiting Room
17,704,2015,9.3,Dressrosa Arc,Lucy and the Statue of Kyros
17,705,2015,9.4,Dressrosa Arc,Maynard the Pursuer
17,706,2015,9.6,Dressrosa Arc,I Ain't Gonna Laugh at Ya
17,707,2015,8.8,Dressrosa Arc,Block B
17,708,2015,9.3,Dressrosa Arc,Coliseum of Scoundrels
17,709,2015,8.5,Dressrosa Arc,King Punch!!
17,710,2015,8.7,Dressrosa Arc,To Greenbit
17,711,2015,8.7,Dressrosa Arc,Adventure in the Land of the Little People
17,712,2015,8.9,Dressrosa Arc,Violet
17,713,2015,9.1,Dressrosa Arc,Usoland
17,714,2015,8.5,Dressrosa Arc,Lucy and Moocy
17,715,2015,9.1,Dressrosa Arc,The Battleground of Block C
17,716,2015,9.1,Dressrosa Arc,Don Chin Jao
17,717,2015,9.1,Dressrosa Arc,Dressrosa's Forgotten
17,718,2015,8.9,Dressrosa Arc,Riku Royal Army at the Flower Field
17,719,2015,9.5,Dressrosa Arc,"Open, Chin Jao"
17,720,2015,9.1,Dressrosa Arc,Prison-Gladiators
17,721,2015,9.1,Dressrosa Arc,Rebecca and the Soldier
17,722,2015,9.3,Dressrosa Arc,Royal Bloodlines
17,723,2015,9.5,Dressrosa Arc,Change of Plans
17,724,2015,9.1,Dressrosa Arc,Law's Plan
17,725,2016,9.3,Dressrosa Arc,The Undefeated Woman
17,726,2016,9.5,Dressrosa Arc,The Riku Family
17,727,2016,9.1,Dressrosa Arc,The Hero's Ambush
17,728,2016,9.4,Dressrosa Arc,The Number of Tragedies
17,729,2016,9.1,Dressrosa Arc,Warlord Doflamingo vs. Warlord Law
17,730,2016,8.4,Dressrosa Arc,Three Cards
17,731,2016,8.1,Dressrosa Arc,Operation Dressrosa S.O.P.
17,732,2016,8.7,Dressrosa Arc,An Underground World
17,733,2016,9.4,Dressrosa Arc,What the Soldier Wants
17,734,2016,8.2,Dressrosa Arc,The Slicing Winds of Rommel
17,735,2016,8.9,Dressrosa Arc,Fujitora's Plan
17,736,2016,9.2,Dressrosa Arc,Supreme Officer Diamante
17,737,2016,9,Dressrosa Arc,Officer's Tower
17,738,2016,9.1,Dressrosa Arc,"Trebol Army, Special Officer Sugar"
17,739,2016,9.3,Dressrosa Arc,Captain
17,740,2016,8.5,Dressrosa Arc,It's in Your Hands!!!
17,741,2016,8.4,Dressrosa Arc,Usoland the Liar
17,742,2016,8.1,Dressrosa Arc,Ever at Your Side
17,743,2016,9.2,Dressrosa Arc,Dressrosa Trembles
17,744,2016,9.2,Dressrosa Arc,Revolutionary Army Chief of Staff
17,745,2016,9.3,Dressrosa Arc,The Birdcage
17,746,2016,9.1,Dressrosa Arc,Stars
18,747,2016,7.1,Silver Mine Arc,Supreme Officer Pica
18,748,2016,6.7,Silver Mine Arc,Repaying the Debt
18,749,2016,6.9,Silver Mine Arc,"Onward, Gallery of Rogues!!"
18,750,2016,7.1,Silver Mine Arc,Flashpoints
18,751,2016,7.4,Zou Arc,Sabo vs. Admiral Fujitora
18,752,2016,8.1,Zou Arc,Palm
18,753,2016,7.7,Zou Arc,Battle
18,754,2016,7.8,Zou Arc,Making Acquaintance
18,755,2016,7.7,Zou Arc,A Man's World
18,756,2016,7.8,Zou Arc,The Fourth Step
18,757,2016,7.9,Zou Arc,Trump Card
18,758,2016,7.8,Zou Arc,Just Keep Going
18,759,2016,8.4,Zou Arc,Secret Plan
18,760,2016,8.4,Zou Arc,The Same Bet
18,761,2016,8.3,Zou Arc,The Op-Op Fruit
18,762,2016,8.6,Zou Arc,The White Town
18,763,2016,8.9,Zou Arc,Declaration of Humanity
18,764,2016,9,Zou Arc,White Monster
18,765,2016,7.8,Zou Arc,"Minion, the Isle of Fate"
18,766,2016,8.5,Zou Arc,Smile
18,767,2016,9.2,Zou Arc,Cora
18,768,2016,8.4,Zou Arc,The Trigger That Day
18,769,2016,9,Zou Arc,Bellamy the Pirate
18,770,2016,9.2,Zou Arc,The Spear of Elbaph
18,771,2017,8.1,Zou Arc,"Sai, Don of the Happosui Army"
18,772,2017,8.1,Zou Arc,Cabbage & Lomeo
18,773,2017,8.2,Zou Arc,Half 'n Half
18,774,2017,8.1,Zou Arc,"Leo, Captain of the Tontatta Warriors"
18,775,2017,7.5,Zou Arc,To Russian With Love
18,776,2017,7.9,Zou Arc,Hero of the Colosseum
18,777,2017,7.3,Zou Arc,Zolo vs. Pica
18,778,2017,7.5,Zou Arc,Tactics No. 5
18,779,2017,8.2,Zou Arc,His Final Battle
18,780,2017,7.4,Marine Rookie Arc,The Heart Curse
18,781,2017,7.5,Marine Rookie Arc,Desire
18,782,2017,7.6,Marine Rookie Arc,Champion of Evil
19,783,2017,8.7,Whole Cake Island Arc,In My Way
19,784,2017,8.6,Whole Cake Island Arc,Gear Four
19,785,2017,9.1,Whole Cake Island Arc,On Broken Legs
19,786,2017,8.8,Whole Cake Island Arc,Gyats
19,787,2017,8.7,Whole Cake Island Arc,Four Minutes Before
19,788,2017,8.4,Whole Cake Island Arc,My Battle
19,789,2017,8.7,Whole Cake Island Arc,LUCY!!
19,790,2017,8.7,Whole Cake Island Arc,Heaven and Earth
19,791,2017,8.1,Whole Cake Island Arc,Rubble
19,792,2017,8.2,Whole Cake Island Arc,On Hands and Knees
19,793,2017,8.7,Whole Cake Island Arc,Tiger and Dog
19,794,2017,8.7,Whole Cake Island Arc,Sabo's Adventure
19,795,2017,8.5,Whole Cake Island Arc,Suicide
19,796,2017,8.5,Whole Cake Island Arc,Soldier's Conviction
19,797,2017,8.7,Whole Cake Island Arc,Rebecca
19,798,2017,9,Whole Cake Island Arc,Heart
19,799,2017,9,Whole Cake Island Arc,Father and Sons
19,800,2017,9,Whole Cake Island Arc,Sons' Cups
19,801,2017,8.8,Whole Cake Island Arc,Opening Speech
19,802,2017,9.2,Whole Cake Island Arc,Zou
19,803,2017,9.3,Whole Cake Island Arc,Elephant Climbing
19,804,2017,9.6,Whole Cake Island Arc,Adventure in the Land Atop the Elephant's Back
19,805,2017,9.2,Whole Cake Island Arc,The Minks
19,806,2017,9.4,Whole Cake Island Arc,At Rightflank Fortress
19,807,2017,9.1,Whole Cake Island Arc,Ten Days Earlier
19,808,2017,9.6,Whole Cake Island Arc,Duke Dogstorm
19,809,2017,9.3,Whole Cake Island Arc,The Cat Viper
19,810,2017,9.3,Whole Cake Island Arc,The Twirly Hat Crew Arrives
19,811,2017,9.3,Whole Cake Island Arc,Roko
19,812,2017,9.3,Whole Cake Island Arc,"Capone ""Gang"" Bege"
19,813,2017,9.2,Whole Cake Island Arc,Tea Party Invitation
19,814,2017,9.1,Whole Cake Island Arc,Let's Go See The Cat Viper
19,815,2017,9.3,Whole Cake Island Arc,Take Me with You!!
19,816,2017,9.3,Whole Cake Island Arc,Dog vs. Cat
19,817,2017,9.6,Whole Cake Island Arc,Raizo of the Mist
19,818,2017,9.4,Whole Cake Island Arc,Inside the Whale
19,819,2017,9.4,Whole Cake Island Arc,"Momonosuke, Heir to the Kozuki Clan"
19,820,2018,9.3,Whole Cake Island Arc,Cats and Dogs Have a History
19,821,2018,9.1,Whole Cake Island Arc,Understood
19,822,2018,8.6,Whole Cake Island Arc,Descending the Elephant
19,823,2018,8.9,Whole Cake Island Arc,The World is Restless
19,824,2018,9.1,Whole Cake Island Arc,Playing Pirates
19,825,2018,9.5,Whole Cake Island Arc,Comic Strip
19,826,2018,9.1,Whole Cake Island Arc,0 and 4
19,827,2018,8.6,Whole Cake Island Arc,Totto Land
19,828,2018,9,Whole Cake Island Arc,1 and 2
19,829,2018,8.7,Whole Cake Island Arc,"Emperor of the Sea, Charlotte Linlin"
19,830,2018,9.1,Whole Cake Island Arc,A Man You Can Bet On
19,831,2018,8.7,Whole Cake Island Arc,Adventure in the Mysterious Forest
19,832,2018,9.4,Whole Cake Island Arc,Kingdom of Germa
19,833,2018,9.6,Whole Cake Island Arc,Vinsmoke Judge
19,834,2018,9.3,Whole Cake Island Arc,My Dream
19,835,2018,9.2,Whole Cake Island Arc,Kingdom of Soul
19,836,2018,8.7,Whole Cake Island Arc,Lola's Vivre Card
19,837,2018,9.2,Whole Cake Island Arc,Luffy vs. Cracker the General
19,838,2018,8.8,Whole Cake Island Arc,Chobro
19,839,2018,8.9,Whole Cake Island Arc,I Owe You My Life!
19,840,2018,8.7,Whole Cake Island Arc,The Iron Mask
19,841,2018,9.1,Whole Cake Island Arc,To the East Blue
19,842,2018,9.1,Whole Cake Island Arc,The Power of a Full Stomach
19,843,2018,8.7,Whole Cake Island Arc,Vinsmoke Sanji
19,844,2018,8.5,Whole Cake Island Arc,Luffy vs. Sanji
19,845,2018,8.7,Whole Cake Island Arc,Forces of Rage
19,846,2018,8.7,Whole Cake Island Arc,Tamago Security
19,847,2018,8.7,Whole Cake Island Arc,Luffy and Big Mom
19,848,2018,8.7,Whole Cake Island Arc,Goodbye
19,849,2018,9.5,Whole Cake Island Arc,Chobro in the Land of Mirrors
19,850,2018,9.5,Whole Cake Island Arc,A Ray of Light
19,851,2018,9.2,Whole Cake Island Arc,Dog-End
19,852,2018,9.3,Whole Cake Island Arc,Germa's Failure
19,853,2018,9,Whole Cake Island Arc,Not Here
19,854,2018,9.2,Whole Cake Island Arc,What Are You Doing?
19,855,2018,9,Whole Cake Island Arc,Glurrgle!!!
19,856,2018,9.5,Whole Cake Island Arc,Liar
19,857,2018,9.2,Whole Cake Island Arc,Rook
19,858,2018,8.7,Whole Cake Island Arc,Meeting
19,859,2018,8.2,Whole Cake Island Arc,Emperor Assassination Plan
19,860,2018,8.5,Whole Cake Island Arc,10:00 Start
19,861,2018,8.3,Whole Cake Island Arc,Veteran Actor
19,862,2018,9.3,Whole Cake Island Arc,Cerebral
19,863,2018,8.8,Whole Cake Island Arc,The Honorable
19,864,2018,9.1,Whole Cake Island Arc,The Vinsmoke Massacre Plot
19,865,2018,9,Whole Cake Island Arc,"Hey, Mother"
19,866,2018,8.7,Whole Cake Island Arc,Natural Born Destroyer
19,867,2019,9,Whole Cake Island Arc,Happy Birthday
19,868,2019,9.5,Whole Cake Island Arc,KX Launcher
19,869,2019,9.4,Whole Cake Island Arc,Castling
19,870,2019,9.5,Whole Cake Island Arc,Parting
19,871,2019,9.5,Whole Cake Island Arc,"You Can Do It, Caesar!!"
19,872,2019,9.2,Whole Cake Island Arc,Thick and Fluffy
19,873,2019,9.3,Whole Cake Island Arc,Recipe For Disaster
19,874,2019,9.1,Whole Cake Island Arc,Be My Servant
19,875,2019,9.1,Whole Cake Island Arc,A Woman's Honor
19,876,2019,9.2,Whole Cake Island Arc,Pudding Coincidentally Appears!!
19,877,2019,9.5,Whole Cake Island Arc,Bittersweet
19,878,2019,8.9,Levely Arc,Commander Pedro of the Mink Guardians
19,879,2019,7.9,Levely Arc,"Big Mom's Sweet 3 General, Katakuri"
19,880,2019,8.2,Levely Arc,Zero Escape
19,881,2019,6.4,Levely Arc,Wave Room
19,882,2019,6.7,Levely Arc,Beyond the Emperor's Expectations
19,883,2019,6.8,Levely Arc,Merienda
19,884,2019,6.9,Levely Arc,Who Is That?
19,885,2019,7.6,Levely Arc,I'm Brulee!!!
19,886,2019,7.4,Levely Arc,Way of Life
19,887,2019,8.9,Levely Arc,Someone Somewhere is Wishing for Your Happiness
19,888,2019,8.1,Levely Arc,Lion
19,889,2019,7.9,Levely Arc,Unfamiliar Mama
20,890,2019,7.8,Wano Country Arc: Act 1,Big Mom on the Ship
20,891,2019,9.2,Wano Country Arc: Act 1,They Believe in Me
20,892,2019,9.6,Wano Country Arc: Act 1,Threat Confirmed
20,893,2019,9.4,Wano Country Arc: Act 1,"Flampe, 36th Daughter of Charlotte"
20,894,2019,9.4,Wano Country Arc: Act 1,12:05
20,895,2019,6.5,Cidre Guild Arc,Luffy the Pirate vs. General Katakuri
20,896,2019,6.4,Cidre Guild Arc,One Last Thing
20,897,2019,9.2,Cidre Guild Arc,Pekoms's Cacao Island Escape Plan
20,898,2019,9.2,Cidre Guild Arc,I Will Return
20,899,2019,9.5,Cidre Guild Arc,The Final Fortress
20,900,2019,9.2,Cidre Guild Arc,Bad End Musical
20,901,2019,8.5,Cidre Guild Arc,Don't Let Even Death Stop You!!!
20,902,2019,8.4,Cidre Guild Arc,End Roll
20,903,2019,7.6,Cidre Guild Arc,Fifth Emperor
20,904,2019,7.7,Cidre Guild Arc,Introducing the Revolutionary Army Captains
20,905,2019,9.1,Cidre Guild Arc,What a Beautiful World
20,906,2019,9.1,Cidre Guild Arc,Sacred Marijoa
20,907,2019,6.7,Cidre Guild Arc,The Empty Throne
20,908,2019,9.1,Cidre Guild Arc,The Reverie Begins
20,909,2019,9.3,Cidre Guild Arc,Seppuku
20,910,2019,9.2,Cidre Guild Arc,Onward to Wano
20,911,2019,8.9,Cidre Guild Arc,Adventure in the Land of Samurai
20,912,2019,9.5,Cidre Guild Arc,Amigasa Village
20,913,2019,9.4,Cidre Guild Arc,The Crane Returns the Favor
20,914,2019,9.6,Cidre Guild Arc,Okobore Town
20,915,2019,9.6,Cidre Guild Arc,Bakura Town
20,916,2020,9.2,Cidre Guild Arc,Wano Sumo
20,917,2020,9.3,Cidre Guild Arc,Food Treasure Barge
20,918,2020,8.9,Wano Country Arc: Act 2,Luffytaro Returns the Favor
20,919,2020,8.9,Wano Country Arc: Act 2,The Ruins of Oden Castle
20,920,2020,8.5,Wano Country Arc: Act 2,For Love of Oden
20,921,2020,7.7,Wano Country Arc: Act 2,Shutenmaru
20,922,2020,8.9,Wano Country Arc: Act 2,Supreme Commander Kaido of the Animal Kingdom Pirates
20,923,2020,9,Wano Country Arc: Act 2,Emperor of the Sea Kaido vs. Luffy
20,924,2020,9.4,Wano Country Arc: Act 2,Huh
20,925,2020,9.3,Wano Country Arc: Act 2,Absence
20,926,2020,8.7,Wano Country Arc: Act 2,Excavation Labor Camp
20,927,2020,8,Wano Country Arc: Act 2,Otoko the Kamuro
20,928,2020,8.1,Wano Country Arc: Act 2,Introducing Komurasaki the Oiran
20,929,2020,8,Wano Country Arc: Act 2,"Shogun of Wano, Kurozumi Orochi"
20,930,2020,8.4,Wano Country Arc: Act 2,Ebisu Town
20,931,2020,8.2,Wano Country Arc: Act 2,Soba Mask
20,932,2020,8.7,Wano Country Arc: Act 2,Shogun and Oiran
20,933,2020,9.2,Wano Country Arc: Act 2,A Warrior's Mercy
20,934,2020,9.5,Wano Country Arc: Act 2,Hyogoro The Flower
20,935,2020,8.7,Wano Country Arc: Act 2,Queen
20,936,2020,8.6,Wano Country Arc: Act 2,Sumo Inferno
20,937,2020,8.6,Wano Country Arc: Act 2,Gyukimaru on Bandit's Bridge
20,938,2020,8.2,Wano Country Arc: Act 2,A Woman's Secret
20,939,2020,9.2,Wano Country Arc: Act 2,The Old Leopard Never Forgets the Way
20,940,2020,9.5,Wano Country Arc: Act 2,Sparks of Rebellion
20,941,2020,9.3,Wano Country Arc: Act 2,The Star of Ebisu
20,942,2020,9.2,Wano Country Arc: Act 2,"Daimyo of Hakumai, Shimotsuki Yasuie"
20,943,2020,9.1,Wano Country Arc: Act 2,SMILE
20,944,2020,8.5,Wano Country Arc: Act 2,Partner
20,945,2020,9.2,Wano Country Arc: Act 2,Olin
20,946,2020,8.4,Wano Country Arc: Act 2,Queen vs. Olin
20,947,2020,8.4,Wano Country Arc: Act 2,Queen's Gamble
20,948,2020,8.5,Wano Country Arc: Act 2,Introducing Kawamatsu the Kappa
20,949,2020,9.3,Wano Country Arc: Act 2,Mummy
20,950,2020,9.2,Wano Country Arc: Act 2,A Soldier's Dream
20,951,2020,9,Wano Country Arc: Act 2,Rampage
20,952,2020,9.2,Wano Country Arc: Act 2,Hiyori and Kawamatsu
20,953,2020,9.1,Wano Country Arc: Act 2,Once a Fox
20,954,2020,8.9,Wano Country Arc: Act 2,Like a Dragon Given Wings
20,955,2020,8.5,Wano Country Arc: Act 2,Enma
20,956,2020,9.3,Wano Country Arc: Act 2,Big News
20,957,2021,9.5,Wano Country Arc: Act 2,Ultimate
20,958,2021,9.5,Wano Country Arc: Act 2,The Promised Port
20,959,2021,9.4,Wano Country Arc: Act 3,Samurai
20,960,2021,9.3,Wano Country Arc: Act 3,Introducing Kozuki Oden
20,961,2021,9.4,Wano Country Arc: Act 3,The Mountain God Incident
20,962,2021,9.5,Wano Country Arc: Act 3,Daimyo and Vassals
20,963,2021,9.5,Wano Country Arc: Act 3,Becoming Samurai
20,964,2021,9.5,Wano Country Arc: Act 3,Oden's Adventure
20,965,2021,9.6,Wano Country Arc: Act 3,The Kurozumi Clan's Plot
20,966,2021,9.5,Wano Country Arc: Act 3,Roger and Whitebeard
20,967,2021,9.6,Wano Country Arc: Act 3,Roger's Adventure
20,968,2021,9.7,Wano Country Arc: Act 3,Oden's Return
20,969,2021,9.6,Wano Country Arc: Act 3,Fool of a Lord
20,970,2021,9.5,Wano Country Arc: Act 3,Oden vs. Kaido
20,971,2021,9.5,Wano Country Arc: Act 3,Sentenced to Boil
20,972,2021,9.6,Wano Country Arc: Act 3,"I am Oden, And I Was Born to Boil"
20,973,2021,9.5,Wano Country Arc: Act 3,The Kozuki Clan
20,974,2021,9.6,Wano Country Arc: Act 3,Onward to Onigashima!!
20,975,2021,9.5,Wano Country Arc: Act 3,Kin'emon's Clever Trick
20,976,2021,9.5,Wano Country Arc: Act 3,Begging Your Pardon!!!
20,977,2021,9.5,Wano Country Arc: Act 3,The Party's Off!!!
20,978,2021,9.5,Wano Country Arc: Act 3,Introducing the Tobi Roppo
20,979,2021,9.4,Wano Country Arc: Act 3,Family Problem
20,980,2021,9.5,Wano Country Arc: Act 3,Fighting Music
20,981,2021,9.5,Wano Country Arc: Act 3,Joining the Fight
20,982,2021,9.7,Wano Country Arc: Act 3,Scoundrel Meets Scoundrel
20,983,2021,9.1,Wano Country Arc: Act 3,Thunder
20,984,2021,8.4,Wano Country Arc: Act 3,My Bible
20,985,2021,8.7,Wano Country Arc: Act 3,New Onigashima Project
20,986,2021,8.5,Wano Country Arc: Act 3,My Name
20,987,2021,9,Wano Country Arc: Act 3,Vassals of Glory
20,988,2021,9.3,Wano Country Arc: Act 3,Sorry for the Wait
20,989,2021,9.1,Wano Country Arc: Act 3,I Can't Imagine Losing
20,990,2021,9.3,Wano Country Arc: Act 3,Army of One
20,991,2021,8.6,Wano Country Arc: Act 3,Let Us Die!!!
20,992,2021,9.3,Wano Country Arc: Act 3,Remnants
20,993,2021,8.3,Wano Country Arc: Act 3,The Dream of Wano
20,994,2021,9.4,Wano Country Arc: Act 3,My Other Name is Yamato
20,995,2021,9.8,Wano Country Arc: Act 3,A Kunoichi's Oath
20,996,2021,9.6,Wano Country Arc: Act 3,Island of the Strongest
20,997,2021,9.3,Wano Country Arc: Act 3,Flames
20,998,2021,9.4,Wano Country Arc: Act 3,Ancient Types
20,999,2021,8.9,Wano Country Arc: Act 3,The Sake I Brewed to Drink With You
20,1000,2021,9.6,Wano Country Arc: Act 3,Straw Hat Luffy
20,1001,2021,9.7,Wano Country Arc: Act 3,Battle of Monsters on Onigashima
20,1002,2021,8.9,Wano Country Arc: Act 3,Four Emperors vs. New Generation
